http://www.cilory.com/81-men,Men,layered_category_94,http://www.cilory.com/81-men/categories-perfumes,Perfumes (114),layered_manufacturer_30,http://www.cilory.com/81-men/categories-perfumes/manufacturer-playboy,PlayBoy (11)
http://www.cilory.com/81-men,Men,layered_category_94,http://www.cilory.com/81-men/categories-perfumes,Perfumes (114),layered_manufacturer_38,http://www.cilory.com/81-men/categories-perfumes/manufacturer-calvin_klein,Calvin Klein (19)
http://www.cilory.com/81-men,Men,layered_category_94,http://www.cilory.com/81-men/categories-perfumes,Perfumes (114),layered_manufacturer_39,http://www.cilory.com/81-men/categories-perfumes/manufacturer-adidas,Adidas (4)
http://www.cilory.com/81-men,Men,layered_category_94,http://www.cilory.com/81-men/categories-perfumes,Perfumes (114),layered_manufacturer_40,http://www.cilory.com/81-men/categories-perfumes/manufacturer-davidoff,Davidoff  (3)
http://www.cilory.com/81-men,Men,layered_category_94,http://www.cilory.com/81-men/categories-perfumes,Perfumes (114),layered_manufacturer_42,http://www.cilory.com/81-men/categories-perfumes/manufacturer-dkny,DKNY (2)
http://www.cilory.com/81-men,Men,layered_category_94,http://www.cilory.com/81-men/categories-perfumes,Perfumes (114),layered_manufacturer_51,http://www.cilory.com/81-men/categories-perfumes/manufacturer-yves_saint_laurent,Yves Saint Laurent (6)
http://www.cilory.com/81-men,Men,layered_category_94,http://www.cilory.com/81-men/categories-perfumes,Perfumes (114),layered_manufacturer_52,http://www.cilory.com/81-men/categories-perfumes/manufacturer-versace,Versace (5)
http://www.cilory.com/81-men,Men,layered_category_94,http://www.cilory.com/81-men/categories-perfumes,Perfumes (114),layered_manufacturer_53,http://www.cilory.com/81-men/categories-perfumes/manufacturer-ted_lapidus,Ted Lapidus  (1)
http://www.cilory.com/81-men,Men,layered_category_94,http://www.cilory.com/81-men/categories-perfumes,Perfumes (114),layered_manufacturer_54,http://www.cilory.com/81-men/categories-perfumes/manufacturer-roger_galler,Roger & Galler (1)
http://www.cilory.com/81-men,Men,layered_category_94,http://www.cilory.com/81-men/categories-perfumes,Perfumes (114),layered_manufacturer_56,http://www.cilory.com/81-men/categories-perfumes/manufacturer-paul_smith,Paul Smith  (1)
http://www.cilory.com/81-men,Men,layered_category_94,http://www.cilory.com/81-men/categories-perfumes,Perfumes (114),layered_manufacturer_60,http://www.cilory.com/81-men/categories-perfumes/manufacturer-dolce_gabbana,Dolce & Gabbana (3)
http://www.cilory.com/81-men,Men,layered_category_94,http://www.cilory.com/81-men/categories-perfumes,Perfumes (114),layered_manufacturer_71,http://www.cilory.com/81-men/categories-perfumes/manufacturer-lacoste,Lacoste (2)
http://www.cilory.com/81-men,Men,layered_category_94,http://www.cilory.com/81-men/categories-perfumes,Perfumes (114),layered_manufacturer_76,http://www.cilory.com/81-men/categories-perfumes/manufacturer-burberry,Burberry (6)
http://www.cilory.com/81-men,Men,layered_category_94,http://www.cilory.com/81-men/categories-perfumes,Perfumes (114),layered_manufacturer_77,http://www.cilory.com/81-men/categories-perfumes/manufacturer-carolina_herrera,Carolina Herrera  (3)
http://www.cilory.com/81-men,Men,layered_category_94,http://www.cilory.com/81-men/categories-perfumes,Perfumes (114),layered_manufacturer_79,http://www.cilory.com/81-men/categories-perfumes/manufacturer-hugo_boss,Hugo Boss  (4)
http://www.cilory.com/81-men,Men,layered_category_94,http://www.cilory.com/81-men/categories-perfumes,Perfumes (114),layered_manufacturer_83,http://www.cilory.com/81-men/categories-perfumes/manufacturer-bvlgari,Bvlgari  (3)
http://www.cilory.com/81-men,Men,layered_category_94,http://www.cilory.com/81-men/categories-perfumes,Perfumes (114),layered_manufacturer_87,http://www.cilory.com/81-men/categories-perfumes/manufacturer-azzaro,Azzaro (10)
http://www.cilory.com/81-men,Men,layered_category_94,http://www.cilory.com/81-men/categories-perfumes,Perfumes (114),layered_manufacturer_88,http://www.cilory.com/81-men/categories-perfumes/manufacturer-ferrari,Ferrari (1)
http://www.cilory.com/81-men,Men,layered_category_94,http://www.cilory.com/81-men/categories-perfumes,Perfumes (114),layered_manufacturer_90,http://www.cilory.com/81-men/categories-perfumes/manufacturer-alfred_dunhill,Alfred Dunhill (2)
http://www.cilory.com/81-men,Men,layered_category_94,http://www.cilory.com/81-men/categories-perfumes,Perfumes (114),layered_manufacturer_92,http://www.cilory.com/81-men/categories-perfumes/manufacturer-hermes,Hermes (2)
http://www.cilory.com/81-men,Men,layered_category_94,http://www.cilory.com/81-men/categories-perfumes,Perfumes (114),layered_manufacturer_96,http://www.cilory.com/81-men/categories-perfumes/manufacturer-adolfo_dominguez,Adolfo Dominguez (1)
http://www.cilory.com/81-men,Men,layered_category_94,http://www.cilory.com/81-men/categories-perfumes,Perfumes (114),layered_manufacturer_97,http://www.cilory.com/81-men/categories-perfumes/manufacturer-aigner,Aigner (1)
http://www.cilory.com/81-men,Men,layered_category_94,http://www.cilory.com/81-men/categories-perfumes,Perfumes (114),layered_manufacturer_98,http://www.cilory.com/81-men/categories-perfumes/manufacturer-bogart,Bogart (1)
http://www.cilory.com/81-men,Men,layered_category_94,http://www.cilory.com/81-men/categories-perfumes,Perfumes (114),layered_manufacturer_100,http://www.cilory.com/81-men/categories-perfumes/manufacturer-fcuk,FCUK (2)
http://www.cilory.com/81-men,Men,layered_category_94,http://www.cilory.com/81-men/categories-perfumes,Perfumes (114),layered_manufacturer_103,http://www.cilory.com/81-men/categories-perfumes/manufacturer-kenzo,Kenzo (1)
http://www.cilory.com/81-men,Men,layered_category_94,http://www.cilory.com/81-men/categories-perfumes,Perfumes (114),layered_manufacturer_105,http://www.cilory.com/81-men/categories-perfumes/manufacturer-ralph_lauren,Ralph Lauren (1)
http://www.cilory.com/81-men,Men,layered_category_94,http://www.cilory.com/81-men/categories-perfumes,Perfumes (114),layered_manufacturer_171,http://www.cilory.com/81-men/categories-perfumes/manufacturer-united_colors_of_benetton,United Colors of Benetton (1)
http://www.cilory.com/81-men,Men,layered_category_94,http://www.cilory.com/81-men/categories-perfumes,Perfumes (114),layered_manufacturer_195,http://www.cilory.com/81-men/categories-perfumes/manufacturer-thierry_mugler,Thierry Mugler (1)
http://www.cilory.com/81-men,Men,layered_category_94,http://www.cilory.com/81-men/categories-perfumes,Perfumes (114),layered_manufacturer_200,http://www.cilory.com/81-men/categories-perfumes/manufacturer-ck,CK (1)
http://www.cilory.com/81-men,Men,layered_category_94,http://www.cilory.com/81-men/categories-perfumes,Perfumes (114),layered_manufacturer_218,http://www.cilory.com/81-men/categories-perfumes/manufacturer-beverly_hills,BEVERLY HILLS (9)
http://www.cilory.com/81-men,Men,layered_category_94,http://www.cilory.com/81-men/categories-perfumes,Perfumes (114),layered_manufacturer_219,http://www.cilory.com/81-men/categories-perfumes/manufacturer-nike,NIKE (1)
http://www.cilory.com/81-men,Men,layered_category_94,http://www.cilory.com/81-men/categories-perfumes,Perfumes (114),layered_manufacturer_222,http://www.cilory.com/81-men/categories-perfumes/manufacturer-jaguar,JAGUAR (1)
http://www.cilory.com/81-men,Men,layered_category_94,http://www.cilory.com/81-men/categories-perfumes,Perfumes (114),layered_manufacturer_283,http://www.cilory.com/81-men/categories-perfumes/manufacturer-vanesa,Vanesa (3)
http://www.cilory.com/81-men,Men,layered_category_97,http://www.cilory.com/81-men/categories-perfumes,Perfumes (109),layered_manufacturer_30,http://www.cilory.com/81-men/categories-perfumes/manufacturer-playboy,PlayBoy (11)
http://www.cilory.com/81-men,Men,layered_category_97,http://www.cilory.com/81-men/categories-perfumes,Perfumes (109),layered_manufacturer_38,http://www.cilory.com/81-men/categories-perfumes/manufacturer-calvin_klein,Calvin Klein (19)
http://www.cilory.com/81-men,Men,layered_category_97,http://www.cilory.com/81-men/categories-perfumes,Perfumes (109),layered_manufacturer_39,http://www.cilory.com/81-men/categories-perfumes/manufacturer-adidas,Adidas (4)
http://www.cilory.com/81-men,Men,layered_category_97,http://www.cilory.com/81-men/categories-perfumes,Perfumes (109),layered_manufacturer_40,http://www.cilory.com/81-men/categories-perfumes/manufacturer-davidoff,Davidoff  (3)
http://www.cilory.com/81-men,Men,layered_category_97,http://www.cilory.com/81-men/categories-perfumes,Perfumes (109),layered_manufacturer_42,http://www.cilory.com/81-men/categories-perfumes/manufacturer-dkny,DKNY (2)
http://www.cilory.com/81-men,Men,layered_category_97,http://www.cilory.com/81-men/categories-perfumes,Perfumes (109),layered_manufacturer_51,http://www.cilory.com/81-men/categories-perfumes/manufacturer-yves_saint_laurent,Yves Saint Laurent (6)
http://www.cilory.com/81-men,Men,layered_category_97,http://www.cilory.com/81-men/categories-perfumes,Perfumes (109),layered_manufacturer_52,http://www.cilory.com/81-men/categories-perfumes/manufacturer-versace,Versace (5)
http://www.cilory.com/81-men,Men,layered_category_97,http://www.cilory.com/81-men/categories-perfumes,Perfumes (109),layered_manufacturer_53,http://www.cilory.com/81-men/categories-perfumes/manufacturer-ted_lapidus,Ted Lapidus  (1)
http://www.cilory.com/81-men,Men,layered_category_97,http://www.cilory.com/81-men/categories-perfumes,Perfumes (109),layered_manufacturer_54,http://www.cilory.com/81-men/categories-perfumes/manufacturer-roger_galler,Roger & Galler (1)
http://www.cilory.com/81-men,Men,layered_category_97,http://www.cilory.com/81-men/categories-perfumes,Perfumes (109),layered_manufacturer_56,http://www.cilory.com/81-men/categories-perfumes/manufacturer-paul_smith,Paul Smith  (1)
http://www.cilory.com/81-men,Men,layered_category_97,http://www.cilory.com/81-men/categories-perfumes,Perfumes (109),layered_manufacturer_60,http://www.cilory.com/81-men/categories-perfumes/manufacturer-dolce_gabbana,Dolce & Gabbana (3)
http://www.cilory.com/81-men,Men,layered_category_97,http://www.cilory.com/81-men/categories-perfumes,Perfumes (109),layered_manufacturer_71,http://www.cilory.com/81-men/categories-perfumes/manufacturer-lacoste,Lacoste (2)
http://www.cilory.com/81-men,Men,layered_category_97,http://www.cilory.com/81-men/categories-perfumes,Perfumes (109),layered_manufacturer_76,http://www.cilory.com/81-men/categories-perfumes/manufacturer-burberry,Burberry (6)
http://www.cilory.com/81-men,Men,layered_category_97,http://www.cilory.com/81-men/categories-perfumes,Perfumes (109),layered_manufacturer_77,http://www.cilory.com/81-men/categories-perfumes/manufacturer-carolina_herrera,Carolina Herrera  (3)
http://www.cilory.com/81-men,Men,layered_category_97,http://www.cilory.com/81-men/categories-perfumes,Perfumes (109),layered_manufacturer_79,http://www.cilory.com/81-men/categories-perfumes/manufacturer-hugo_boss,Hugo Boss  (4)
http://www.cilory.com/81-men,Men,layered_category_97,http://www.cilory.com/81-men/categories-perfumes,Perfumes (109),layered_manufacturer_83,http://www.cilory.com/81-men/categories-perfumes/manufacturer-bvlgari,Bvlgari  (3)
http://www.cilory.com/81-men,Men,layered_category_97,http://www.cilory.com/81-men/categories-perfumes,Perfumes (109),layered_manufacturer_87,http://www.cilory.com/81-men/categories-perfumes/manufacturer-azzaro,Azzaro (10)
http://www.cilory.com/81-men,Men,layered_category_97,http://www.cilory.com/81-men/categories-perfumes,Perfumes (109),layered_manufacturer_88,http://www.cilory.com/81-men/categories-perfumes/manufacturer-ferrari,Ferrari (1)
http://www.cilory.com/81-men,Men,layered_category_97,http://www.cilory.com/81-men/categories-perfumes,Perfumes (109),layered_manufacturer_90,http://www.cilory.com/81-men/categories-perfumes/manufacturer-alfred_dunhill,Alfred Dunhill (2)
http://www.cilory.com/81-men,Men,layered_category_97,http://www.cilory.com/81-men/categories-perfumes,Perfumes (109),layered_manufacturer_92,http://www.cilory.com/81-men/categories-perfumes/manufacturer-hermes,Hermes (2)
http://www.cilory.com/81-men,Men,layered_category_97,http://www.cilory.com/81-men/categories-perfumes,Perfumes (109),layered_manufacturer_96,http://www.cilory.com/81-men/categories-perfumes/manufacturer-adolfo_dominguez,Adolfo Dominguez (1)
http://www.cilory.com/81-men,Men,layered_category_97,http://www.cilory.com/81-men/categories-perfumes,Perfumes (109),layered_manufacturer_97,http://www.cilory.com/81-men/categories-perfumes/manufacturer-aigner,Aigner (1)
http://www.cilory.com/81-men,Men,layered_category_97,http://www.cilory.com/81-men/categories-perfumes,Perfumes (109),layered_manufacturer_98,http://www.cilory.com/81-men/categories-perfumes/manufacturer-bogart,Bogart (1)
http://www.cilory.com/81-men,Men,layered_category_97,http://www.cilory.com/81-men/categories-perfumes,Perfumes (109),layered_manufacturer_100,http://www.cilory.com/81-men/categories-perfumes/manufacturer-fcuk,FCUK (2)
http://www.cilory.com/81-men,Men,layered_category_97,http://www.cilory.com/81-men/categories-perfumes,Perfumes (109),layered_manufacturer_103,http://www.cilory.com/81-men/categories-perfumes/manufacturer-kenzo,Kenzo (1)
http://www.cilory.com/81-men,Men,layered_category_97,http://www.cilory.com/81-men/categories-perfumes,Perfumes (109),layered_manufacturer_105,http://www.cilory.com/81-men/categories-perfumes/manufacturer-ralph_lauren,Ralph Lauren (1)
http://www.cilory.com/81-men,Men,layered_category_97,http://www.cilory.com/81-men/categories-perfumes,Perfumes (109),layered_manufacturer_171,http://www.cilory.com/81-men/categories-perfumes/manufacturer-united_colors_of_benetton,United Colors of Benetton (1)
http://www.cilory.com/81-men,Men,layered_category_97,http://www.cilory.com/81-men/categories-perfumes,Perfumes (109),layered_manufacturer_195,http://www.cilory.com/81-men/categories-perfumes/manufacturer-thierry_mugler,Thierry Mugler (1)
http://www.cilory.com/81-men,Men,layered_category_97,http://www.cilory.com/81-men/categories-perfumes,Perfumes (109),layered_manufacturer_200,http://www.cilory.com/81-men/categories-perfumes/manufacturer-ck,CK (1)
http://www.cilory.com/81-men,Men,layered_category_97,http://www.cilory.com/81-men/categories-perfumes,Perfumes (109),layered_manufacturer_218,http://www.cilory.com/81-men/categories-perfumes/manufacturer-beverly_hills,BEVERLY HILLS (5)
http://www.cilory.com/81-men,Men,layered_category_97,http://www.cilory.com/81-men/categories-perfumes,Perfumes (109),layered_manufacturer_219,http://www.cilory.com/81-men/categories-perfumes/manufacturer-nike,NIKE (1)
http://www.cilory.com/81-men,Men,layered_category_97,http://www.cilory.com/81-men/categories-perfumes,Perfumes (109),layered_manufacturer_222,http://www.cilory.com/81-men/categories-perfumes/manufacturer-jaguar,JAGUAR (1)
http://www.cilory.com/81-men,Men,layered_category_97,http://www.cilory.com/81-men/categories-perfumes,Perfumes (109),layered_manufacturer_283,http://www.cilory.com/81-men/categories-perfumes/manufacturer-vanesa,Vanesa (3)
http://www.cilory.com/81-men,Men,layered_category_205,http://www.cilory.com/81-men/categories-shorts,Shorts (12),layered_manufacturer_171,http://www.cilory.com/81-men/categories-shorts/manufacturer-united_colors_of_benetton,United Colors of Benetton (1)
http://www.cilory.com/81-men,Men,layered_category_205,http://www.cilory.com/81-men/categories-shorts,Shorts (12),layered_manufacturer_273,http://www.cilory.com/81-men/categories-shorts/manufacturer-fila,FILA (5)
http://www.cilory.com/81-men,Men,layered_category_205,http://www.cilory.com/81-men/categories-shorts,Shorts (12),layered_manufacturer_312,http://www.cilory.com/81-men/categories-shorts/manufacturer-proline,Proline (6)
http://www.cilory.com/236-mobile-accessories,Mobile Covers,layered_category_238,http://www.cilory.com/236-mobile-accessories/categories-iphone_5,iPhone 5 (111),layered_manufacturer_37,http://www.cilory.com/236-mobile-accessories/categories-iphone_5/manufacturer-archies,Archies (13)
http://www.cilory.com/236-mobile-accessories,Mobile Covers,layered_category_238,http://www.cilory.com/236-mobile-accessories/categories-iphone_5,iPhone 5 (111),layered_manufacturer_346,http://www.cilory.com/236-mobile-accessories/categories-iphone_5/manufacturer-m_cover,M-Cover (98)
http://www.cilory.com/236-mobile-accessories,Mobile Covers,layered_category_271,http://www.cilory.com/236-mobile-accessories/categories-samsung_galaxy_grand,Samsung Galaxy Grand (1),layered_manufacturer_346,http://www.cilory.com/236-mobile-accessories/categories-samsung_galaxy_grand/manufacturer-m_cover,M-Cover (1)
http://www.cilory.com/236-mobile-accessories,Mobile Covers,layered_category_241,http://www.cilory.com/236-mobile-accessories/categories-samsung_galaxy_note_2,Samsung Galaxy Note 2 (20),layered_manufacturer_37,http://www.cilory.com/236-mobile-accessories/categories-samsung_galaxy_note_2/manufacturer-archies,Archies (13)
http://www.cilory.com/236-mobile-accessories,Mobile Covers,layered_category_241,http://www.cilory.com/236-mobile-accessories/categories-samsung_galaxy_note_2,Samsung Galaxy Note 2 (20),layered_manufacturer_346,http://www.cilory.com/236-mobile-accessories/categories-samsung_galaxy_note_2/manufacturer-m_cover,M-Cover (7)
http://www.cilory.com/81-men,Men,layered_category_47,http://www.cilory.com/81-men/categories-deodorants_for_men,Deodorants for Men (157),layered_manufacturer_2,http://www.cilory.com/81-men/categories-deodorants_for_men/manufacturer-garnier,Garnier (4)
http://www.cilory.com/81-men,Men,layered_category_47,http://www.cilory.com/81-men/categories-deodorants_for_men,Deodorants for Men (157),layered_manufacturer_3,http://www.cilory.com/81-men/categories-deodorants_for_men/manufacturer-moods,Moods (4)
http://www.cilory.com/81-men,Men,layered_category_47,http://www.cilory.com/81-men/categories-deodorants_for_men,Deodorants for Men (157),layered_manufacturer_5,http://www.cilory.com/81-men/categories-deodorants_for_men/manufacturer-kamasutra,Kamasutra (4)
http://www.cilory.com/81-men,Men,layered_category_47,http://www.cilory.com/81-men/categories-deodorants_for_men,Deodorants for Men (157),layered_manufacturer_8,http://www.cilory.com/81-men/categories-deodorants_for_men/manufacturer-nivea,Nivea (4)
http://www.cilory.com/81-men,Men,layered_category_47,http://www.cilory.com/81-men/categories-deodorants_for_men,Deodorants for Men (157),layered_manufacturer_15,http://www.cilory.com/81-men/categories-deodorants_for_men/manufacturer-mankind,Mankind (11)
http://www.cilory.com/81-men,Men,layered_category_47,http://www.cilory.com/81-men/categories-deodorants_for_men,Deodorants for Men (157),layered_manufacturer_22,http://www.cilory.com/81-men/categories-deodorants_for_men/manufacturer-gillete,Gillete (2)
http://www.cilory.com/81-men,Men,layered_category_47,http://www.cilory.com/81-men/categories-deodorants_for_men,Deodorants for Men (157),layered_manufacturer_30,http://www.cilory.com/81-men/categories-deodorants_for_men/manufacturer-playboy,PlayBoy (9)
http://www.cilory.com/81-men,Men,layered_category_47,http://www.cilory.com/81-men/categories-deodorants_for_men,Deodorants for Men (157),layered_manufacturer_31,http://www.cilory.com/81-men/categories-deodorants_for_men/manufacturer-axe,Axe (8)
http://www.cilory.com/81-men,Men,layered_category_47,http://www.cilory.com/81-men/categories-deodorants_for_men,Deodorants for Men (157),layered_manufacturer_32,http://www.cilory.com/81-men/categories-deodorants_for_men/manufacturer-set_wet,Set Wet (9)
http://www.cilory.com/81-men,Men,layered_category_47,http://www.cilory.com/81-men/categories-deodorants_for_men,Deodorants for Men (157),layered_manufacturer_33,http://www.cilory.com/81-men/categories-deodorants_for_men/manufacturer-vini_cosmetics,Vini Cosmetics (11)
http://www.cilory.com/81-men,Men,layered_category_47,http://www.cilory.com/81-men/categories-deodorants_for_men,Deodorants for Men (157),layered_manufacturer_39,http://www.cilory.com/81-men/categories-deodorants_for_men/manufacturer-adidas,Adidas (8)
http://www.cilory.com/81-men,Men,layered_category_47,http://www.cilory.com/81-men/categories-deodorants_for_men,Deodorants for Men (157),layered_manufacturer_41,http://www.cilory.com/81-men/categories-deodorants_for_men/manufacturer-reebok,Reebok (9)
http://www.cilory.com/81-men,Men,layered_category_47,http://www.cilory.com/81-men/categories-deodorants_for_men,Deodorants for Men (157),layered_manufacturer_176,http://www.cilory.com/81-men/categories-deodorants_for_men/manufacturer-jovan,Jovan (5)
http://www.cilory.com/81-men,Men,layered_category_47,http://www.cilory.com/81-men/categories-deodorants_for_men,Deodorants for Men (157),layered_manufacturer_178,http://www.cilory.com/81-men/categories-deodorants_for_men/manufacturer-park_avenue,Park Avenue (19)
http://www.cilory.com/81-men,Men,layered_category_47,http://www.cilory.com/81-men/categories-deodorants_for_men,Deodorants for Men (157),layered_manufacturer_218,http://www.cilory.com/81-men/categories-deodorants_for_men/manufacturer-beverly_hills,BEVERLY HILLS (13)
http://www.cilory.com/81-men,Men,layered_category_47,http://www.cilory.com/81-men/categories-deodorants_for_men,Deodorants for Men (157),layered_manufacturer_283,http://www.cilory.com/81-men/categories-deodorants_for_men/manufacturer-vanesa,Vanesa (22)
http://www.cilory.com/81-men,Men,layered_category_47,http://www.cilory.com/81-men/categories-deodorants_for_men,Deodorants for Men (157),layered_manufacturer_284,http://www.cilory.com/81-men/categories-deodorants_for_men/manufacturer-raymond,Raymond (4)
http://www.cilory.com/81-men,Men,layered_category_47,http://www.cilory.com/81-men/categories-deodorants_for_men,Deodorants for Men (157),layered_manufacturer_285,http://www.cilory.com/81-men/categories-deodorants_for_men/manufacturer-spykar,Spykar (11)
http://www.cilory.com/21-lingerie,Lingerie,layered_category_132,http://www.cilory.com/21-lingerie/categories-swimwear_beachwear,Swimwear / Beachwear (46),layered_manufacturer_110,http://www.cilory.com/21-lingerie/categories-swimwear_beachwear/manufacturer-amante,Amante (5)
http://www.cilory.com/21-lingerie,Lingerie,layered_category_132,http://www.cilory.com/21-lingerie/categories-swimwear_beachwear,Swimwear / Beachwear (46),layered_manufacturer_188,http://www.cilory.com/21-lingerie/categories-swimwear_beachwear/manufacturer-puma,Puma (5)
http://www.cilory.com/21-lingerie,Lingerie,layered_category_132,http://www.cilory.com/21-lingerie/categories-swimwear_beachwear,Swimwear / Beachwear (46),layered_manufacturer_339,http://www.cilory.com/21-lingerie/categories-swimwear_beachwear/manufacturer-estonishednightwear,Estonished_Nightwear (36)
http://www.cilory.com/81-men,Men,layered_category_82,http://www.cilory.com/81-men/categories-personal_care,Personal Care (16),layered_manufacturer_9,http://www.cilory.com/81-men/categories-personal_care/manufacturer-vlcc,VLCC (1)
http://www.cilory.com/81-men,Men,layered_category_82,http://www.cilory.com/81-men/categories-personal_care,Personal Care (16),layered_manufacturer_30,http://www.cilory.com/81-men/categories-personal_care/manufacturer-playboy,PlayBoy (4)
http://www.cilory.com/81-men,Men,layered_category_82,http://www.cilory.com/81-men/categories-personal_care,Personal Care (16),layered_manufacturer_100,http://www.cilory.com/81-men/categories-personal_care/manufacturer-fcuk,FCUK (5)
http://www.cilory.com/81-men,Men,layered_category_82,http://www.cilory.com/81-men/categories-personal_care,Personal Care (16),layered_manufacturer_114,http://www.cilory.com/81-men/categories-personal_care/manufacturer-fruit_of_the_loom,Fruit of the Loom (2)
http://www.cilory.com/81-men,Men,layered_category_82,http://www.cilory.com/81-men/categories-personal_care,Personal Care (16),layered_manufacturer_178,http://www.cilory.com/81-men/categories-personal_care/manufacturer-park_avenue,Park Avenue (3)
http://www.cilory.com/81-men,Men,layered_category_195,http://www.cilory.com/81-men/categories-handkerchiefs,Handkerchiefs (33),layered_manufacturer_235,http://www.cilory.com/81-men/categories-handkerchiefs/manufacturer-bonjour,Bonjour (33)
http://www.cilory.com/21-lingerie,Lingerie,layered_category_62,http://www.cilory.com/21-lingerie/categories-plus_size,Plus Size (24),layered_manufacturer_49,http://www.cilory.com/21-lingerie/categories-plus_size/manufacturer-enamor,Enamor (2)
http://www.cilory.com/21-lingerie,Lingerie,layered_category_62,http://www.cilory.com/21-lingerie/categories-plus_size,Plus Size (24),layered_manufacturer_339,http://www.cilory.com/21-lingerie/categories-plus_size/manufacturer-estonishednightwear,Estonished_Nightwear (22)
http://www.cilory.com/151-women,Women,layered_category_21,http://www.cilory.com/151-women/categories-lingerie,Lingerie (1),layered_manufacturer_339,http://www.cilory.com/151-women/categories-lingerie/manufacturer-estonishednightwear,Estonished_Nightwear (1)
http://www.cilory.com/81-men,Men,layered_category_124,http://www.cilory.com/81-men/categories-men_s_vests,Men's Vests (43),layered_manufacturer_30,http://www.cilory.com/81-men/categories-men_s_vests/manufacturer-playboy,PlayBoy (4)
http://www.cilory.com/81-men,Men,layered_category_124,http://www.cilory.com/81-men/categories-men_s_vests,Men's Vests (43),layered_manufacturer_113,http://www.cilory.com/81-men/categories-men_s_vests/manufacturer-hanes,Hanes (4)
http://www.cilory.com/81-men,Men,layered_category_124,http://www.cilory.com/81-men/categories-men_s_vests,Men's Vests (43),layered_manufacturer_114,http://www.cilory.com/81-men/categories-men_s_vests/manufacturer-fruit_of_the_loom,Fruit of the Loom (1)
http://www.cilory.com/81-men,Men,layered_category_124,http://www.cilory.com/81-men/categories-men_s_vests,Men's Vests (43),layered_manufacturer_171,http://www.cilory.com/81-men/categories-men_s_vests/manufacturer-united_colors_of_benetton,United Colors of Benetton (4)
http://www.cilory.com/81-men,Men,layered_category_124,http://www.cilory.com/81-men/categories-men_s_vests,Men's Vests (43),layered_manufacturer_172,http://www.cilory.com/81-men/categories-men_s_vests/manufacturer-levis,Levis (5)
http://www.cilory.com/81-men,Men,layered_category_124,http://www.cilory.com/81-men/categories-men_s_vests,Men's Vests (43),layered_manufacturer_178,http://www.cilory.com/81-men/categories-men_s_vests/manufacturer-park_avenue,Park Avenue (1)
http://www.cilory.com/81-men,Men,layered_category_124,http://www.cilory.com/81-men/categories-men_s_vests,Men's Vests (43),layered_manufacturer_318,http://www.cilory.com/81-men/categories-men_s_vests/manufacturer-macroman,Macroman (9)
http://www.cilory.com/81-men,Men,layered_category_124,http://www.cilory.com/81-men/categories-men_s_vests,Men's Vests (43),layered_manufacturer_348,http://www.cilory.com/81-men/categories-men_s_vests/manufacturer-euro,EURO (11)
http://www.cilory.com/81-men,Men,layered_category_124,http://www.cilory.com/81-men/categories-men_s_vests,Men's Vests (43),layered_manufacturer_371,http://www.cilory.com/81-men/categories-men_s_vests/manufacturer-zoiro_lifestyle,Zoiro Lifestyle (4)
http://www.cilory.com/21-lingerie,Lingerie,layered_category_133,http://www.cilory.com/21-lingerie/categories-shapewear,Shapewear (18),layered_manufacturer_44,http://www.cilory.com/21-lingerie/categories-shapewear/manufacturer-lovable,Lovable (1)
http://www.cilory.com/21-lingerie,Lingerie,layered_category_133,http://www.cilory.com/21-lingerie/categories-shapewear,Shapewear (18),layered_manufacturer_113,http://www.cilory.com/21-lingerie/categories-shapewear/manufacturer-hanes,Hanes (3)
http://www.cilory.com/21-lingerie,Lingerie,layered_category_133,http://www.cilory.com/21-lingerie/categories-shapewear,Shapewear (18),layered_manufacturer_183,http://www.cilory.com/21-lingerie/categories-shapewear/manufacturer-adira,Adira (2)
http://www.cilory.com/21-lingerie,Lingerie,layered_category_133,http://www.cilory.com/21-lingerie/categories-shapewear,Shapewear (18),layered_manufacturer_287,http://www.cilory.com/21-lingerie/categories-shapewear/manufacturer-dermawear,Dermawear (9)
http://www.cilory.com/21-lingerie,Lingerie,layered_category_133,http://www.cilory.com/21-lingerie/categories-shapewear,Shapewear (18),layered_manufacturer_327,http://www.cilory.com/21-lingerie/categories-shapewear/manufacturer-bodycare,BodyCare (1)
http://www.cilory.com/81-men,Men,layered_category_123,http://www.cilory.com/81-men/categories-belts,Belts (167),layered_manufacturer_166,http://www.cilory.com/81-men/categories-belts/manufacturer-estonished,Estonished (146)
http://www.cilory.com/81-men,Men,layered_category_123,http://www.cilory.com/81-men/categories-belts,Belts (167),layered_manufacturer_171,http://www.cilory.com/81-men/categories-belts/manufacturer-united_colors_of_benetton,United Colors of Benetton (6)
http://www.cilory.com/81-men,Men,layered_category_123,http://www.cilory.com/81-men/categories-belts,Belts (167),layered_manufacturer_180,http://www.cilory.com/81-men/categories-belts/manufacturer-fwi,FWI (10)
http://www.cilory.com/81-men,Men,layered_category_123,http://www.cilory.com/81-men/categories-belts,Belts (167),layered_manufacturer_325,http://www.cilory.com/81-men/categories-belts/manufacturer-tough_jeans,Tough Jeans (5)
http://www.cilory.com/81-men,Men,layered_category_165,http://www.cilory.com/81-men/categories-socks,Socks (55),layered_manufacturer_194,http://www.cilory.com/81-men/categories-socks/manufacturer-arrow,Arrow (1)
http://www.cilory.com/81-men,Men,layered_category_165,http://www.cilory.com/81-men/categories-socks,Socks (55),layered_manufacturer_235,http://www.cilory.com/81-men/categories-socks/manufacturer-bonjour,Bonjour (9)
http://www.cilory.com/81-men,Men,layered_category_165,http://www.cilory.com/81-men/categories-socks,Socks (55),layered_manufacturer_269,http://www.cilory.com/81-men/categories-socks/manufacturer-balenzia,Balenzia (17)
http://www.cilory.com/81-men,Men,layered_category_165,http://www.cilory.com/81-men/categories-socks,Socks (55),layered_manufacturer_273,http://www.cilory.com/81-men/categories-socks/manufacturer-fila,FILA (10)
http://www.cilory.com/81-men,Men,layered_category_165,http://www.cilory.com/81-men/categories-socks,Socks (55),layered_manufacturer_333,http://www.cilory.com/81-men/categories-socks/manufacturer-hush_puppies,Hush Puppies (7)
http://www.cilory.com/81-men,Men,layered_category_165,http://www.cilory.com/81-men/categories-socks,Socks (55),layered_manufacturer_334,http://www.cilory.com/81-men/categories-socks/manufacturer-calzini_fashion,CALZINI Fashion (9)
http://www.cilory.com/81-men,Men,layered_category_165,http://www.cilory.com/81-men/categories-socks,Socks (55),layered_manufacturer_362,http://www.cilory.com/81-men/categories-socks/manufacturer-beyouty,BEYOUTY (1)
http://www.cilory.com/151-women,Women,layered_category_199,http://www.cilory.com/151-women/categories-women_watches,Women Watches (141),layered_manufacturer_37,http://www.cilory.com/151-women/categories-women_watches/manufacturer-archies,Archies (58)
http://www.cilory.com/151-women,Women,layered_category_199,http://www.cilory.com/151-women/categories-women_watches,Women Watches (141),layered_manufacturer_42,http://www.cilory.com/151-women/categories-women_watches/manufacturer-dkny,DKNY (37)
http://www.cilory.com/151-women,Women,layered_category_199,http://www.cilory.com/151-women/categories-women_watches,Women Watches (141),layered_manufacturer_293,http://www.cilory.com/151-women/categories-women_watches/manufacturer-fossil,Fossil (5)
http://www.cilory.com/151-women,Women,layered_category_199,http://www.cilory.com/151-women/categories-women_watches,Women Watches (141),layered_manufacturer_296,http://www.cilory.com/151-women/categories-women_watches/manufacturer-casio,Casio (32)
http://www.cilory.com/151-women,Women,layered_category_199,http://www.cilory.com/151-women/categories-women_watches,Women Watches (141),layered_manufacturer_307,http://www.cilory.com/151-women/categories-women_watches/manufacturer-leo,LEO (9)
http://www.cilory.com/151-women,Women,layered_category_197,http://www.cilory.com/151-women/categories-trousers_and_capris,Trousers and Capris (28),layered_manufacturer_113,http://www.cilory.com/151-women/categories-trousers_and_capris/manufacturer-hanes,Hanes (6)
http://www.cilory.com/151-women,Women,layered_category_197,http://www.cilory.com/151-women/categories-trousers_and_capris,Trousers and Capris (28),layered_manufacturer_292,http://www.cilory.com/151-women/categories-trousers_and_capris/manufacturer-deal_jeans,Deal Jeans (7)
http://www.cilory.com/151-women,Women,layered_category_197,http://www.cilory.com/151-women/categories-trousers_and_capris,Trousers and Capris (28),layered_manufacturer_323,http://www.cilory.com/151-women/categories-trousers_and_capris/manufacturer-ms_doubt_fire,Ms. Doubt Fire (3)
http://www.cilory.com/151-women,Women,layered_category_197,http://www.cilory.com/151-women/categories-trousers_and_capris,Trousers and Capris (28),layered_manufacturer_337,http://www.cilory.com/151-women/categories-trousers_and_capris/manufacturer-macrowoman,Macrowoman (2)
http://www.cilory.com/151-women,Women,layered_category_197,http://www.cilory.com/151-women/categories-trousers_and_capris,Trousers and Capris (28),layered_manufacturer_370,http://www.cilory.com/151-women/categories-trousers_and_capris/manufacturer-dream_berry,Dream Berry (10)
http://www.cilory.com/151-women,Women,layered_category_153,http://www.cilory.com/151-women/categories-tops,Tops (229),layered_manufacturer_39,http://www.cilory.com/151-women/categories-tops/manufacturer-adidas,Adidas (8)
http://www.cilory.com/151-women,Women,layered_category_153,http://www.cilory.com/151-women/categories-tops,Tops (229),layered_manufacturer_61,http://www.cilory.com/151-women/categories-tops/manufacturer-n_gal_intimates,N-Gal Intimates (2)
http://www.cilory.com/151-women,Women,layered_category_153,http://www.cilory.com/151-women/categories-tops,Tops (229),layered_manufacturer_112,http://www.cilory.com/151-women/categories-tops/manufacturer-aiva,Aiva (11)
http://www.cilory.com/151-women,Women,layered_category_153,http://www.cilory.com/151-women/categories-tops,Tops (229),layered_manufacturer_113,http://www.cilory.com/151-women/categories-tops/manufacturer-hanes,Hanes (3)
http://www.cilory.com/151-women,Women,layered_category_153,http://www.cilory.com/151-women/categories-tops,Tops (229),layered_manufacturer_114,http://www.cilory.com/151-women/categories-tops/manufacturer-fruit_of_the_loom,Fruit of the Loom (3)
http://www.cilory.com/151-women,Women,layered_category_153,http://www.cilory.com/151-women/categories-tops,Tops (229),layered_manufacturer_171,http://www.cilory.com/151-women/categories-tops/manufacturer-united_colors_of_benetton,United Colors of Benetton (15)
http://www.cilory.com/151-women,Women,layered_category_153,http://www.cilory.com/151-women/categories-tops,Tops (229),layered_manufacturer_186,http://www.cilory.com/151-women/categories-tops/manufacturer-lee,Lee (14)
http://www.cilory.com/151-women,Women,layered_category_153,http://www.cilory.com/151-women/categories-tops,Tops (229),layered_manufacturer_187,http://www.cilory.com/151-women/categories-tops/manufacturer-wrangler,Wrangler (1)
http://www.cilory.com/151-women,Women,layered_category_153,http://www.cilory.com/151-women/categories-tops,Tops (229),layered_manufacturer_188,http://www.cilory.com/151-women/categories-tops/manufacturer-puma,Puma (4)
http://www.cilory.com/151-women,Women,layered_category_153,http://www.cilory.com/151-women/categories-tops,Tops (229),layered_manufacturer_209,http://www.cilory.com/151-women/categories-tops/manufacturer-madame,Madame (9)
http://www.cilory.com/151-women,Women,layered_category_153,http://www.cilory.com/151-women/categories-tops,Tops (229),layered_manufacturer_211,http://www.cilory.com/151-women/categories-tops/manufacturer-myra,Myra (2)
http://www.cilory.com/151-women,Women,layered_category_153,http://www.cilory.com/151-women/categories-tops,Tops (229),layered_manufacturer_215,http://www.cilory.com/151-women/categories-tops/manufacturer-scullers_for_her,Scullers for her (5)
http://www.cilory.com/151-women,Women,layered_category_153,http://www.cilory.com/151-women/categories-tops,Tops (229),layered_manufacturer_288,http://www.cilory.com/151-women/categories-tops/manufacturer-free_authority,Free Authority (65)
http://www.cilory.com/151-women,Women,layered_category_153,http://www.cilory.com/151-women/categories-tops,Tops (229),layered_manufacturer_291,http://www.cilory.com/151-women/categories-tops/manufacturer-kanvin,Kanvin (1)
http://www.cilory.com/151-women,Women,layered_category_153,http://www.cilory.com/151-women/categories-tops,Tops (229),layered_manufacturer_292,http://www.cilory.com/151-women/categories-tops/manufacturer-deal_jeans,Deal Jeans (8)
http://www.cilory.com/151-women,Women,layered_category_153,http://www.cilory.com/151-women/categories-tops,Tops (229),layered_manufacturer_304,http://www.cilory.com/151-women/categories-tops/manufacturer-mercurisa,Mercurisa (32)
http://www.cilory.com/151-women,Women,layered_category_153,http://www.cilory.com/151-women/categories-tops,Tops (229),layered_manufacturer_323,http://www.cilory.com/151-women/categories-tops/manufacturer-ms_doubt_fire,Ms. Doubt Fire (31)
http://www.cilory.com/151-women,Women,layered_category_153,http://www.cilory.com/151-women/categories-tops,Tops (229),layered_manufacturer_339,http://www.cilory.com/151-women/categories-tops/manufacturer-estonishednightwear,Estonished_Nightwear (9)
http://www.cilory.com/151-women,Women,layered_category_153,http://www.cilory.com/151-women/categories-tops,Tops (229),layered_manufacturer_340,http://www.cilory.com/151-women/categories-tops/manufacturer-bushirt,Bushirt (1)
http://www.cilory.com/151-women,Women,layered_category_153,http://www.cilory.com/151-women/categories-tops,Tops (229),layered_manufacturer_370,http://www.cilory.com/151-women/categories-tops/manufacturer-dream_berry,Dream Berry (5)
http://www.cilory.com/21-lingerie,Lingerie,layered_category_61,http://www.cilory.com/21-lingerie/categories-panties,Panties (200),layered_manufacturer_44,http://www.cilory.com/21-lingerie/categories-panties/manufacturer-lovable,Lovable (87)
http://www.cilory.com/21-lingerie,Lingerie,layered_category_61,http://www.cilory.com/21-lingerie/categories-panties,Panties (200),layered_manufacturer_47,http://www.cilory.com/21-lingerie/categories-panties/manufacturer-bwitch,Bwitch (3)
http://www.cilory.com/21-lingerie,Lingerie,layered_category_61,http://www.cilory.com/21-lingerie/categories-panties,Panties (200),layered_manufacturer_49,http://www.cilory.com/21-lingerie/categories-panties/manufacturer-enamor,Enamor (29)
http://www.cilory.com/21-lingerie,Lingerie,layered_category_61,http://www.cilory.com/21-lingerie/categories-panties,Panties (200),layered_manufacturer_110,http://www.cilory.com/21-lingerie/categories-panties/manufacturer-amante,Amante (24)
http://www.cilory.com/21-lingerie,Lingerie,layered_category_61,http://www.cilory.com/21-lingerie/categories-panties,Panties (200),layered_manufacturer_113,http://www.cilory.com/21-lingerie/categories-panties/manufacturer-hanes,Hanes (10)
http://www.cilory.com/21-lingerie,Lingerie,layered_category_61,http://www.cilory.com/21-lingerie/categories-panties,Panties (200),layered_manufacturer_114,http://www.cilory.com/21-lingerie/categories-panties/manufacturer-fruit_of_the_loom,Fruit of the Loom (6)
http://www.cilory.com/21-lingerie,Lingerie,layered_category_61,http://www.cilory.com/21-lingerie/categories-panties,Panties (200),layered_manufacturer_171,http://www.cilory.com/21-lingerie/categories-panties/manufacturer-united_colors_of_benetton,United Colors of Benetton (11)
http://www.cilory.com/21-lingerie,Lingerie,layered_category_61,http://www.cilory.com/21-lingerie/categories-panties,Panties (200),layered_manufacturer_183,http://www.cilory.com/21-lingerie/categories-panties/manufacturer-adira,Adira (4)
http://www.cilory.com/21-lingerie,Lingerie,layered_category_61,http://www.cilory.com/21-lingerie/categories-panties,Panties (200),layered_manufacturer_191,http://www.cilory.com/21-lingerie/categories-panties/manufacturer-triumph,Triumph (8)
http://www.cilory.com/21-lingerie,Lingerie,layered_category_61,http://www.cilory.com/21-lingerie/categories-panties,Panties (200),layered_manufacturer_327,http://www.cilory.com/21-lingerie/categories-panties/manufacturer-bodycare,BodyCare (12)
http://www.cilory.com/21-lingerie,Lingerie,layered_category_61,http://www.cilory.com/21-lingerie/categories-panties,Panties (200),layered_manufacturer_337,http://www.cilory.com/21-lingerie/categories-panties/manufacturer-macrowoman,Macrowoman (6)
http://www.cilory.com/151-women,Women,layered_category_202,http://www.cilory.com/151-women/categories-dress,Dress (103),layered_manufacturer_166,http://www.cilory.com/151-women/categories-dress/manufacturer-estonished,Estonished (3)
http://www.cilory.com/151-women,Women,layered_category_202,http://www.cilory.com/151-women/categories-dress,Dress (103),layered_manufacturer_292,http://www.cilory.com/151-women/categories-dress/manufacturer-deal_jeans,Deal Jeans (3)
http://www.cilory.com/151-women,Women,layered_category_202,http://www.cilory.com/151-women/categories-dress,Dress (103),layered_manufacturer_304,http://www.cilory.com/151-women/categories-dress/manufacturer-mercurisa,Mercurisa (11)
http://www.cilory.com/151-women,Women,layered_category_202,http://www.cilory.com/151-women/categories-dress,Dress (103),layered_manufacturer_323,http://www.cilory.com/151-women/categories-dress/manufacturer-ms_doubt_fire,Ms. Doubt Fire (18)
http://www.cilory.com/151-women,Women,layered_category_202,http://www.cilory.com/151-women/categories-dress,Dress (103),layered_manufacturer_339,http://www.cilory.com/151-women/categories-dress/manufacturer-estonishednightwear,Estonished_Nightwear (68)
http://www.cilory.com/236-mobile-accessories,Mobile Covers,layered_category_274,http://www.cilory.com/236-mobile-accessories/categories-samsung_galaxy_n7100,Samsung Galaxy n7100 (3),layered_manufacturer_346,http://www.cilory.com/236-mobile-accessories/categories-samsung_galaxy_n7100/manufacturer-m_cover,M-Cover (3)
http://www.cilory.com/81-men,Men,layered_category_116,http://www.cilory.com/81-men/categories-men_s_briefs,Men's Briefs (1),layered_manufacturer_371,http://www.cilory.com/81-men/categories-men_s_briefs/manufacturer-zoiro_lifestyle,Zoiro Lifestyle (1)
http://www.cilory.com/236-mobile-accessories,Mobile Covers,layered_category_240,http://www.cilory.com/236-mobile-accessories/categories-samsung_galaxy_s_iii,Samsung Galaxy S III (43),layered_manufacturer_37,http://www.cilory.com/236-mobile-accessories/categories-samsung_galaxy_s_iii/manufacturer-archies,Archies (13)
http://www.cilory.com/236-mobile-accessories,Mobile Covers,layered_category_240,http://www.cilory.com/236-mobile-accessories/categories-samsung_galaxy_s_iii,Samsung Galaxy S III (43),layered_manufacturer_346,http://www.cilory.com/236-mobile-accessories/categories-samsung_galaxy_s_iii/manufacturer-m_cover,M-Cover (30)
http://www.cilory.com/236-mobile-accessories,Mobile Covers,layered_category_239,http://www.cilory.com/236-mobile-accessories/categories-samsung_galaxy_s4,Samsung Galaxy S4 (73),layered_manufacturer_37,http://www.cilory.com/236-mobile-accessories/categories-samsung_galaxy_s4/manufacturer-archies,Archies (13)
http://www.cilory.com/236-mobile-accessories,Mobile Covers,layered_category_239,http://www.cilory.com/236-mobile-accessories/categories-samsung_galaxy_s4,Samsung Galaxy S4 (73),layered_manufacturer_346,http://www.cilory.com/236-mobile-accessories/categories-samsung_galaxy_s4/manufacturer-m_cover,M-Cover (60)
http://www.cilory.com/64-jewellery,Jewellery,layered_category_143,http://www.cilory.com/64-jewellery/categories-for_kids,For Kids (160),layered_manufacturer_37,http://www.cilory.com/64-jewellery/categories-for_kids/manufacturer-archies,Archies (7)
http://www.cilory.com/64-jewellery,Jewellery,layered_category_143,http://www.cilory.com/64-jewellery/categories-for_kids,For Kids (160),layered_manufacturer_166,http://www.cilory.com/64-jewellery/categories-for_kids/manufacturer-estonished,Estonished (153)
http://www.cilory.com/81-men,Men,layered_category_180,http://www.cilory.com/81-men/categories-wallets,Wallets (144),layered_manufacturer_37,http://www.cilory.com/81-men/categories-wallets/manufacturer-archies,Archies (60)
http://www.cilory.com/81-men,Men,layered_category_180,http://www.cilory.com/81-men/categories-wallets,Wallets (144),layered_manufacturer_171,http://www.cilory.com/81-men/categories-wallets/manufacturer-united_colors_of_benetton,United Colors of Benetton (15)
http://www.cilory.com/81-men,Men,layered_category_180,http://www.cilory.com/81-men/categories-wallets,Wallets (144),layered_manufacturer_265,http://www.cilory.com/81-men/categories-wallets/manufacturer-munros,Munros (32)
http://www.cilory.com/81-men,Men,layered_category_180,http://www.cilory.com/81-men/categories-wallets,Wallets (144),layered_manufacturer_266,http://www.cilory.com/81-men/categories-wallets/manufacturer-mendoza,Mendoza (2)
http://www.cilory.com/81-men,Men,layered_category_180,http://www.cilory.com/81-men/categories-wallets,Wallets (144),layered_manufacturer_321,http://www.cilory.com/81-men/categories-wallets/manufacturer-hidekraft,Hidekraft (35)
http://www.cilory.com/236-mobile-accessories,Mobile Covers,layered_category_272,http://www.cilory.com/236-mobile-accessories/categories-samsung_galaxy_note_iii,Samsung Galaxy Note III (6),layered_manufacturer_346,http://www.cilory.com/236-mobile-accessories/categories-samsung_galaxy_note_iii/manufacturer-m_cover,M-Cover (6)
http://www.cilory.com/81-men,Men,layered_category_186,http://www.cilory.com/81-men/categories-tie_and_cufflinks,Tie and Cufflinks (163),layered_manufacturer_37,http://www.cilory.com/81-men/categories-tie_and_cufflinks/manufacturer-archies,Archies (26)
http://www.cilory.com/81-men,Men,layered_category_186,http://www.cilory.com/81-men/categories-tie_and_cufflinks,Tie and Cufflinks (163),layered_manufacturer_166,http://www.cilory.com/81-men/categories-tie_and_cufflinks/manufacturer-estonished,Estonished (137)
http://www.cilory.com/151-women,Women,layered_category_225,http://www.cilory.com/151-women/categories-women_socks,Women Socks (20),layered_manufacturer_39,http://www.cilory.com/151-women/categories-women_socks/manufacturer-adidas,Adidas (2)
http://www.cilory.com/151-women,Women,layered_category_225,http://www.cilory.com/151-women/categories-women_socks,Women Socks (20),layered_manufacturer_235,http://www.cilory.com/151-women/categories-women_socks/manufacturer-bonjour,Bonjour (10)
http://www.cilory.com/151-women,Women,layered_category_225,http://www.cilory.com/151-women/categories-women_socks,Women Socks (20),layered_manufacturer_273,http://www.cilory.com/151-women/categories-women_socks/manufacturer-fila,FILA (7)
http://www.cilory.com/151-women,Women,layered_category_225,http://www.cilory.com/151-women/categories-women_socks,Women Socks (20),layered_manufacturer_334,http://www.cilory.com/151-women/categories-women_socks/manufacturer-calzini_fashion,CALZINI Fashion (1)
http://www.cilory.com/64-jewellery,Jewellery,layered_category_223,http://www.cilory.com/64-jewellery/categories-anklets,Anklets (94),layered_manufacturer_37,http://www.cilory.com/64-jewellery/categories-anklets/manufacturer-archies,Archies (27)
http://www.cilory.com/64-jewellery,Jewellery,layered_category_223,http://www.cilory.com/64-jewellery/categories-anklets,Anklets (94),layered_manufacturer_166,http://www.cilory.com/64-jewellery/categories-anklets/manufacturer-estonished,Estonished (67)
http://www.cilory.com/64-jewellery,Jewellery,layered_category_135,http://www.cilory.com/64-jewellery/categories-hair_clips,Hair Clips (94),layered_manufacturer_166,http://www.cilory.com/64-jewellery/categories-hair_clips/manufacturer-estonished,Estonished (94)
http://www.cilory.com/167-bed-linen,Home Decor,layered_category_183,http://www.cilory.com/167-bed-linen/categories-kids_bedsheet_set,Kids Bedsheet Set (19),layered_manufacturer_272,http://www.cilory.com/167-bed-linen/categories-kids_bedsheet_set/manufacturer-handloomwala,Handloomwala (19)
http://www.cilory.com/12-family-planning,Sexual Wellbeing,layered_category_34,http://www.cilory.com/12-sexual-wellbeing/categories-exotic_gift_packs,Exotic Gift Packs (1),layered_manufacturer_5,http://www.cilory.com/12-sexual-wellbeing/categories-exotic_gift_packs/manufacturer-kamasutra,Kamasutra (1)
http://www.cilory.com/64-jewellery,Jewellery,layered_category_134,http://www.cilory.com/64-jewellery/categories-rings,Rings (228),layered_manufacturer_37,http://www.cilory.com/64-jewellery/categories-rings/manufacturer-archies,Archies (1)
http://www.cilory.com/64-jewellery,Jewellery,layered_category_134,http://www.cilory.com/64-jewellery/categories-rings,Rings (228),layered_manufacturer_166,http://www.cilory.com/64-jewellery/categories-rings/manufacturer-estonished,Estonished (227)
http://www.cilory.com/81-men,Men,layered_category_164,http://www.cilory.com/81-men/categories-shirts,Shirts (49),layered_manufacturer_194,http://www.cilory.com/81-men/categories-shirts/manufacturer-arrow,Arrow (12)
http://www.cilory.com/81-men,Men,layered_category_164,http://www.cilory.com/81-men/categories-shirts,Shirts (49),layered_manufacturer_225,http://www.cilory.com/81-men/categories-shirts/manufacturer-provogue,Provogue (7)
http://www.cilory.com/81-men,Men,layered_category_164,http://www.cilory.com/81-men/categories-shirts,Shirts (49),layered_manufacturer_226,http://www.cilory.com/81-men/categories-shirts/manufacturer-indian_terrain,Indian Terrain (3)
http://www.cilory.com/81-men,Men,layered_category_164,http://www.cilory.com/81-men/categories-shirts,Shirts (49),layered_manufacturer_227,http://www.cilory.com/81-men/categories-shirts/manufacturer-wills_lifestyle,Wills Lifestyle (6)
http://www.cilory.com/81-men,Men,layered_category_164,http://www.cilory.com/81-men/categories-shirts,Shirts (49),layered_manufacturer_228,http://www.cilory.com/81-men/categories-shirts/manufacturer-blanca,Blanca (12)
http://www.cilory.com/81-men,Men,layered_category_164,http://www.cilory.com/81-men/categories-shirts,Shirts (49),layered_manufacturer_229,http://www.cilory.com/81-men/categories-shirts/manufacturer-john_miller,John Miller (3)
http://www.cilory.com/81-men,Men,layered_category_164,http://www.cilory.com/81-men/categories-shirts,Shirts (49),layered_manufacturer_230,http://www.cilory.com/81-men/categories-shirts/manufacturer-reid_and_taylor,Reid and Taylor (6)
http://www.cilory.com/151-women,Women,layered_category_174,http://www.cilory.com/151-women/categories-leggings,Leggings (224),layered_manufacturer_61,http://www.cilory.com/151-women/categories-leggings/manufacturer-n_gal_intimates,N-Gal Intimates (17)
http://www.cilory.com/151-women,Women,layered_category_174,http://www.cilory.com/151-women/categories-leggings,Leggings (224),layered_manufacturer_235,http://www.cilory.com/151-women/categories-leggings/manufacturer-bonjour,Bonjour (1)
http://www.cilory.com/151-women,Women,layered_category_174,http://www.cilory.com/151-women/categories-leggings,Leggings (224),layered_manufacturer_256,http://www.cilory.com/151-women/categories-leggings/manufacturer-breeze,Breeze (26)
http://www.cilory.com/151-women,Women,layered_category_174,http://www.cilory.com/151-women/categories-leggings,Leggings (224),layered_manufacturer_261,http://www.cilory.com/151-women/categories-leggings/manufacturer-jaipur_kurtis,Jaipur Kurtis (20)
http://www.cilory.com/151-women,Women,layered_category_174,http://www.cilory.com/151-women/categories-leggings,Leggings (224),layered_manufacturer_291,http://www.cilory.com/151-women/categories-leggings/manufacturer-kanvin,Kanvin (2)
http://www.cilory.com/151-women,Women,layered_category_174,http://www.cilory.com/151-women/categories-leggings,Leggings (224),layered_manufacturer_324,http://www.cilory.com/151-women/categories-leggings/manufacturer-jivi_apperals,JIVI Apperals (9)
http://www.cilory.com/151-women,Women,layered_category_174,http://www.cilory.com/151-women/categories-leggings,Leggings (224),layered_manufacturer_339,http://www.cilory.com/151-women/categories-leggings/manufacturer-estonishednightwear,Estonished_Nightwear (143)
http://www.cilory.com/151-women,Women,layered_category_174,http://www.cilory.com/151-women/categories-leggings,Leggings (224),layered_manufacturer_342,http://www.cilory.com/151-women/categories-leggings/manufacturer-femmora,Femmora (5)
http://www.cilory.com/12-family-planning,Sexual Wellbeing,layered_category_8,http://www.cilory.com/12-sexual-wellbeing/categories-pregnancy_test_kit,Pregnancy Test Kit (3),layered_manufacturer_305,http://www.cilory.com/12-sexual-wellbeing/categories-pregnancy_test_kit/manufacturer-piramal_health_care,Piramal Health care (2)
http://www.cilory.com/12-family-planning,Sexual Wellbeing,layered_category_8,http://www.cilory.com/12-sexual-wellbeing/categories-pregnancy_test_kit,Pregnancy Test Kit (3),layered_manufacturer_365,http://www.cilory.com/12-sexual-wellbeing/categories-pregnancy_test_kit/manufacturer-clear_blue,Clear Blue (1)
http://www.cilory.com/151-women,Women,layered_category_152,http://www.cilory.com/151-women/categories-clubwear,Clubwear (273),layered_manufacturer_61,http://www.cilory.com/151-women/categories-clubwear/manufacturer-n_gal_intimates,N-Gal Intimates (9)
http://www.cilory.com/151-women,Women,layered_category_152,http://www.cilory.com/151-women/categories-clubwear,Clubwear (273),layered_manufacturer_166,http://www.cilory.com/151-women/categories-clubwear/manufacturer-estonished,Estonished (2)
http://www.cilory.com/151-women,Women,layered_category_152,http://www.cilory.com/151-women/categories-clubwear,Clubwear (273),layered_manufacturer_339,http://www.cilory.com/151-women/categories-clubwear/manufacturer-estonishednightwear,Estonished_Nightwear (262)
http://www.cilory.com/236-mobile-accessories,Mobile Covers,layered_category_237,http://www.cilory.com/236-mobile-accessories/categories-iphone_4,iPhone 4 (75),layered_manufacturer_37,http://www.cilory.com/236-mobile-accessories/categories-iphone_4/manufacturer-archies,Archies (13)
http://www.cilory.com/236-mobile-accessories,Mobile Covers,layered_category_237,http://www.cilory.com/236-mobile-accessories/categories-iphone_4,iPhone 4 (75),layered_manufacturer_346,http://www.cilory.com/236-mobile-accessories/categories-iphone_4/manufacturer-m_cover,M-Cover (62)
http://www.cilory.com/81-men,Men,layered_category_198,http://www.cilory.com/81-men/categories-watches,Watches (209),layered_manufacturer_42,http://www.cilory.com/81-men/categories-watches/manufacturer-dkny,DKNY (1)
http://www.cilory.com/81-men,Men,layered_category_198,http://www.cilory.com/81-men/categories-watches,Watches (209),layered_manufacturer_59,http://www.cilory.com/81-men/categories-watches/manufacturer-diesel,Diesel  (33)
http://www.cilory.com/81-men,Men,layered_category_198,http://www.cilory.com/81-men/categories-watches,Watches (209),layered_manufacturer_293,http://www.cilory.com/81-men/categories-watches/manufacturer-fossil,Fossil (31)
http://www.cilory.com/81-men,Men,layered_category_198,http://www.cilory.com/81-men/categories-watches,Watches (209),layered_manufacturer_296,http://www.cilory.com/81-men/categories-watches/manufacturer-casio,Casio (131)
http://www.cilory.com/81-men,Men,layered_category_198,http://www.cilory.com/81-men/categories-watches,Watches (209),layered_manufacturer_307,http://www.cilory.com/81-men/categories-watches/manufacturer-leo,LEO (13)
http://www.cilory.com/64-jewellery,Jewellery,layered_category_119,http://www.cilory.com/64-jewellery/categories-braclets_bangles,Braclets & Bangles (2),layered_manufacturer_132,http://www.cilory.com/64-jewellery/categories-braclets_bangles/manufacturer-estelle,Estelle  (2)
http://www.cilory.com/167-bed-linen,Home Decor,layered_category_182,http://www.cilory.com/167-bed-linen/categories-double_bedsheet_set,Double Bedsheet Set (149),layered_manufacturer_240,http://www.cilory.com/167-bed-linen/categories-double_bedsheet_set/manufacturer-birla_century,Birla Century (7)
http://www.cilory.com/167-bed-linen,Home Decor,layered_category_182,http://www.cilory.com/167-bed-linen/categories-double_bedsheet_set,Double Bedsheet Set (149),layered_manufacturer_242,http://www.cilory.com/167-bed-linen/categories-double_bedsheet_set/manufacturer-bombay_dyeing,Bombay Dyeing (45)
http://www.cilory.com/167-bed-linen,Home Decor,layered_category_182,http://www.cilory.com/167-bed-linen/categories-double_bedsheet_set,Double Bedsheet Set (149),layered_manufacturer_243,http://www.cilory.com/167-bed-linen/categories-double_bedsheet_set/manufacturer-de_cottons,de Cottons (3)
http://www.cilory.com/167-bed-linen,Home Decor,layered_category_182,http://www.cilory.com/167-bed-linen/categories-double_bedsheet_set,Double Bedsheet Set (149),layered_manufacturer_246,http://www.cilory.com/167-bed-linen/categories-double_bedsheet_set/manufacturer-enfin,Enfin (3)
http://www.cilory.com/167-bed-linen,Home Decor,layered_category_182,http://www.cilory.com/167-bed-linen/categories-double_bedsheet_set,Double Bedsheet Set (149),layered_manufacturer_248,http://www.cilory.com/167-bed-linen/categories-double_bedsheet_set/manufacturer-valtellina,Valtellina (3)
http://www.cilory.com/167-bed-linen,Home Decor,layered_category_182,http://www.cilory.com/167-bed-linen/categories-double_bedsheet_set,Double Bedsheet Set (149),layered_manufacturer_249,http://www.cilory.com/167-bed-linen/categories-double_bedsheet_set/manufacturer-skap,SKAP (6)
http://www.cilory.com/167-bed-linen,Home Decor,layered_category_182,http://www.cilory.com/167-bed-linen/categories-double_bedsheet_set,Double Bedsheet Set (149),layered_manufacturer_250,http://www.cilory.com/167-bed-linen/categories-double_bedsheet_set/manufacturer-weaves,Weaves (74)
http://www.cilory.com/167-bed-linen,Home Decor,layered_category_182,http://www.cilory.com/167-bed-linen/categories-double_bedsheet_set,Double Bedsheet Set (149),layered_manufacturer_251,http://www.cilory.com/167-bed-linen/categories-double_bedsheet_set/manufacturer-mafatlal,Mafatlal (4)
http://www.cilory.com/167-bed-linen,Home Decor,layered_category_182,http://www.cilory.com/167-bed-linen/categories-double_bedsheet_set,Double Bedsheet Set (149),layered_manufacturer_252,http://www.cilory.com/167-bed-linen/categories-double_bedsheet_set/manufacturer-splash,Splash (2)
http://www.cilory.com/167-bed-linen,Home Decor,layered_category_182,http://www.cilory.com/167-bed-linen/categories-double_bedsheet_set,Double Bedsheet Set (149),layered_manufacturer_253,http://www.cilory.com/167-bed-linen/categories-double_bedsheet_set/manufacturer-swayam,Swayam (2)
http://www.cilory.com/181-sarees,Sarees,layered_category_189,http://www.cilory.com/181-sarees/categories-designer_sarees,Designer Sarees (446),layered_manufacturer_261,http://www.cilory.com/181-sarees/categories-designer_sarees/manufacturer-jaipur_kurtis,Jaipur Kurtis (4)
http://www.cilory.com/181-sarees,Sarees,layered_category_189,http://www.cilory.com/181-sarees/categories-designer_sarees,Designer Sarees (446),layered_manufacturer_281,http://www.cilory.com/181-sarees/categories-designer_sarees/manufacturer-adaa_s,Adaa's (105)
http://www.cilory.com/181-sarees,Sarees,layered_category_189,http://www.cilory.com/181-sarees/categories-designer_sarees,Designer Sarees (446),layered_manufacturer_326,http://www.cilory.com/181-sarees/categories-designer_sarees/manufacturer-adaa,Adaa (48)
http://www.cilory.com/181-sarees,Sarees,layered_category_189,http://www.cilory.com/181-sarees/categories-designer_sarees,Designer Sarees (446),layered_manufacturer_341,http://www.cilory.com/181-sarees/categories-designer_sarees/manufacturer-fabdeal,Fabdeal (195)
http://www.cilory.com/181-sarees,Sarees,layered_category_189,http://www.cilory.com/181-sarees/categories-designer_sarees,Designer Sarees (446),layered_manufacturer_367,http://www.cilory.com/181-sarees/categories-designer_sarees/manufacturer-touch_trendz,Touch Trendz (94)
http://www.cilory.com/151-women,Women,layered_category_185,http://www.cilory.com/151-women/categories-ethnic_suits,Ethnic Suits (2),layered_manufacturer_341,http://www.cilory.com/151-women/categories-ethnic_suits/manufacturer-fabdeal,Fabdeal (2)
http://www.cilory.com/12-family-planning,Sexual Wellbeing,layered_category_5,http://www.cilory.com/12-sexual-wellbeing/categories-condoms,Condoms (124),layered_manufacturer_3,http://www.cilory.com/12-sexual-wellbeing/categories-condoms/manufacturer-moods,Moods (32)
http://www.cilory.com/12-family-planning,Sexual Wellbeing,layered_category_5,http://www.cilory.com/12-sexual-wellbeing/categories-condoms,Condoms (124),layered_manufacturer_4,http://www.cilory.com/12-sexual-wellbeing/categories-condoms/manufacturer-durex,Durex (18)
http://www.cilory.com/12-family-planning,Sexual Wellbeing,layered_category_5,http://www.cilory.com/12-sexual-wellbeing/categories-condoms,Condoms (124),layered_manufacturer_5,http://www.cilory.com/12-sexual-wellbeing/categories-condoms/manufacturer-kamasutra,Kamasutra (27)
http://www.cilory.com/12-family-planning,Sexual Wellbeing,layered_category_5,http://www.cilory.com/12-sexual-wellbeing/categories-condoms,Condoms (124),layered_manufacturer_15,http://www.cilory.com/12-sexual-wellbeing/categories-condoms/manufacturer-mankind,Mankind (17)
http://www.cilory.com/12-family-planning,Sexual Wellbeing,layered_category_5,http://www.cilory.com/12-sexual-wellbeing/categories-condoms,Condoms (124),layered_manufacturer_48,http://www.cilory.com/12-sexual-wellbeing/categories-condoms/manufacturer-kohinoor,Kohinoor (13)
http://www.cilory.com/12-family-planning,Sexual Wellbeing,layered_category_5,http://www.cilory.com/12-sexual-wellbeing/categories-condoms,Condoms (124),layered_manufacturer_260,http://www.cilory.com/12-sexual-wellbeing/categories-condoms/manufacturer-ttk_healthcare,TTK Healthcare (17)
http://www.cilory.com/21-lingerie,Lingerie,layered_category_125,http://www.cilory.com/21-lingerie/categories-stockings,Stockings (67),layered_manufacturer_61,http://www.cilory.com/21-lingerie/categories-stockings/manufacturer-n_gal_intimates,N-Gal Intimates (16)
http://www.cilory.com/21-lingerie,Lingerie,layered_category_125,http://www.cilory.com/21-lingerie/categories-stockings,Stockings (67),layered_manufacturer_339,http://www.cilory.com/21-lingerie/categories-stockings/manufacturer-estonishednightwear,Estonished_Nightwear (51)
http://www.cilory.com/21-lingerie,Lingerie,layered_category_22,http://www.cilory.com/21-lingerie/categories-brassiere,Brassiere (284),layered_manufacturer_44,http://www.cilory.com/21-lingerie/categories-brassiere/manufacturer-lovable,Lovable (56)
http://www.cilory.com/21-lingerie,Lingerie,layered_category_22,http://www.cilory.com/21-lingerie/categories-brassiere,Brassiere (284),layered_manufacturer_47,http://www.cilory.com/21-lingerie/categories-brassiere/manufacturer-bwitch,Bwitch (23)
http://www.cilory.com/21-lingerie,Lingerie,layered_category_22,http://www.cilory.com/21-lingerie/categories-brassiere,Brassiere (284),layered_manufacturer_49,http://www.cilory.com/21-lingerie/categories-brassiere/manufacturer-enamor,Enamor (53)
http://www.cilory.com/21-lingerie,Lingerie,layered_category_22,http://www.cilory.com/21-lingerie/categories-brassiere,Brassiere (284),layered_manufacturer_50,http://www.cilory.com/21-lingerie/categories-brassiere/manufacturer-jockey,Jockey (1)
http://www.cilory.com/21-lingerie,Lingerie,layered_category_22,http://www.cilory.com/21-lingerie/categories-brassiere,Brassiere (284),layered_manufacturer_110,http://www.cilory.com/21-lingerie/categories-brassiere/manufacturer-amante,Amante (42)
http://www.cilory.com/21-lingerie,Lingerie,layered_category_22,http://www.cilory.com/21-lingerie/categories-brassiere,Brassiere (284),layered_manufacturer_113,http://www.cilory.com/21-lingerie/categories-brassiere/manufacturer-hanes,Hanes (7)
http://www.cilory.com/21-lingerie,Lingerie,layered_category_22,http://www.cilory.com/21-lingerie/categories-brassiere,Brassiere (284),layered_manufacturer_114,http://www.cilory.com/21-lingerie/categories-brassiere/manufacturer-fruit_of_the_loom,Fruit of the Loom (3)
http://www.cilory.com/21-lingerie,Lingerie,layered_category_22,http://www.cilory.com/21-lingerie/categories-brassiere,Brassiere (284),layered_manufacturer_171,http://www.cilory.com/21-lingerie/categories-brassiere/manufacturer-united_colors_of_benetton,United Colors of Benetton (5)
http://www.cilory.com/21-lingerie,Lingerie,layered_category_22,http://www.cilory.com/21-lingerie/categories-brassiere,Brassiere (284),layered_manufacturer_191,http://www.cilory.com/21-lingerie/categories-brassiere/manufacturer-triumph,Triumph (37)
http://www.cilory.com/21-lingerie,Lingerie,layered_category_22,http://www.cilory.com/21-lingerie/categories-brassiere,Brassiere (284),layered_manufacturer_291,http://www.cilory.com/21-lingerie/categories-brassiere/manufacturer-kanvin,Kanvin (2)
http://www.cilory.com/21-lingerie,Lingerie,layered_category_22,http://www.cilory.com/21-lingerie/categories-brassiere,Brassiere (284),layered_manufacturer_327,http://www.cilory.com/21-lingerie/categories-brassiere/manufacturer-bodycare,BodyCare (27)
http://www.cilory.com/21-lingerie,Lingerie,layered_category_22,http://www.cilory.com/21-lingerie/categories-brassiere,Brassiere (284),layered_manufacturer_337,http://www.cilory.com/21-lingerie/categories-brassiere/manufacturer-macrowoman,Macrowoman (13)
http://www.cilory.com/21-lingerie,Lingerie,layered_category_22,http://www.cilory.com/21-lingerie/categories-brassiere,Brassiere (284),layered_manufacturer_362,http://www.cilory.com/21-lingerie/categories-brassiere/manufacturer-beyouty,BEYOUTY (15)
http://www.cilory.com/151-women,Women,layered_category_196,http://www.cilory.com/151-women/categories-skirts,Skirts (22),layered_manufacturer_61,http://www.cilory.com/151-women/categories-skirts/manufacturer-n_gal_intimates,N-Gal Intimates (3)
http://www.cilory.com/151-women,Women,layered_category_196,http://www.cilory.com/151-women/categories-skirts,Skirts (22),layered_manufacturer_166,http://www.cilory.com/151-women/categories-skirts/manufacturer-estonished,Estonished (12)
http://www.cilory.com/151-women,Women,layered_category_196,http://www.cilory.com/151-women/categories-skirts,Skirts (22),layered_manufacturer_292,http://www.cilory.com/151-women/categories-skirts/manufacturer-deal_jeans,Deal Jeans (2)
http://www.cilory.com/151-women,Women,layered_category_196,http://www.cilory.com/151-women/categories-skirts,Skirts (22),layered_manufacturer_339,http://www.cilory.com/151-women/categories-skirts/manufacturer-estonishednightwear,Estonished_Nightwear (5)
http://www.cilory.com/81-men,Men,layered_category_58,http://www.cilory.com/81-men/categories-sunglasses,Sunglasses (94),layered_manufacturer_178,http://www.cilory.com/81-men/categories-sunglasses/manufacturer-park_avenue,Park Avenue (35)
http://www.cilory.com/81-men,Men,layered_category_58,http://www.cilory.com/81-men/categories-sunglasses,Sunglasses (94),layered_manufacturer_225,http://www.cilory.com/81-men/categories-sunglasses/manufacturer-provogue,Provogue (33)
http://www.cilory.com/81-men,Men,layered_category_58,http://www.cilory.com/81-men/categories-sunglasses,Sunglasses (94),layered_manufacturer_231,http://www.cilory.com/81-men/categories-sunglasses/manufacturer-flying_machine,Flying Machine (1)
http://www.cilory.com/81-men,Men,layered_category_58,http://www.cilory.com/81-men/categories-sunglasses,Sunglasses (94),layered_manufacturer_297,http://www.cilory.com/81-men/categories-sunglasses/manufacturer-rayban,Rayban (25)
http://www.cilory.com/12-family-planning,Sexual Wellbeing,layered_category_184,http://www.cilory.com/12-sexual-wellbeing/categories-books,Books (18),layered_manufacturer_274,http://www.cilory.com/12-sexual-wellbeing/categories-books/manufacturer-hamlyn,Hamlyn (2)
http://www.cilory.com/12-family-planning,Sexual Wellbeing,layered_category_184,http://www.cilory.com/12-sexual-wellbeing/categories-books,Books (18),layered_manufacturer_275,http://www.cilory.com/12-sexual-wellbeing/categories-books/manufacturer-dk,Dk (6)
http://www.cilory.com/12-family-planning,Sexual Wellbeing,layered_category_184,http://www.cilory.com/12-sexual-wellbeing/categories-books,Books (18),layered_manufacturer_276,http://www.cilory.com/12-sexual-wellbeing/categories-books/manufacturer-harper_element,Harper Element (1)
http://www.cilory.com/12-family-planning,Sexual Wellbeing,layered_category_184,http://www.cilory.com/12-sexual-wellbeing/categories-books,Books (18),layered_manufacturer_277,http://www.cilory.com/12-sexual-wellbeing/categories-books/manufacturer-practical_handbook,Practical Handbook (1)
http://www.cilory.com/12-family-planning,Sexual Wellbeing,layered_category_184,http://www.cilory.com/12-sexual-wellbeing/categories-books,Books (18),layered_manufacturer_278,http://www.cilory.com/12-sexual-wellbeing/categories-books/manufacturer-roli_books,Roli Books (4)
http://www.cilory.com/181-sarees,Sarees,layered_category_188,http://www.cilory.com/181-sarees/categories-bollywood_sarees,Bollywood Sarees (49),layered_manufacturer_261,http://www.cilory.com/181-sarees/categories-bollywood_sarees/manufacturer-jaipur_kurtis,Jaipur Kurtis (1)
http://www.cilory.com/181-sarees,Sarees,layered_category_188,http://www.cilory.com/181-sarees/categories-bollywood_sarees,Bollywood Sarees (49),layered_manufacturer_281,http://www.cilory.com/181-sarees/categories-bollywood_sarees/manufacturer-adaa_s,Adaa's (48)
http://www.cilory.com/12-family-planning,Sexual Wellbeing,layered_category_9,http://www.cilory.com/12-sexual-wellbeing/categories-lubes_stimulators,Lubes & Stimulators (32),layered_manufacturer_3,http://www.cilory.com/12-sexual-wellbeing/categories-lubes_stimulators/manufacturer-moods,Moods (5)
http://www.cilory.com/12-family-planning,Sexual Wellbeing,layered_category_9,http://www.cilory.com/12-sexual-wellbeing/categories-lubes_stimulators,Lubes & Stimulators (32),layered_manufacturer_4,http://www.cilory.com/12-sexual-wellbeing/categories-lubes_stimulators/manufacturer-durex,Durex (8)
http://www.cilory.com/12-family-planning,Sexual Wellbeing,layered_category_9,http://www.cilory.com/12-sexual-wellbeing/categories-lubes_stimulators,Lubes & Stimulators (32),layered_manufacturer_5,http://www.cilory.com/12-sexual-wellbeing/categories-lubes_stimulators/manufacturer-kamasutra,Kamasutra (1)
http://www.cilory.com/12-family-planning,Sexual Wellbeing,layered_category_9,http://www.cilory.com/12-sexual-wellbeing/categories-lubes_stimulators,Lubes & Stimulators (32),layered_manufacturer_15,http://www.cilory.com/12-sexual-wellbeing/categories-lubes_stimulators/manufacturer-mankind,Mankind (2)
http://www.cilory.com/12-family-planning,Sexual Wellbeing,layered_category_9,http://www.cilory.com/12-sexual-wellbeing/categories-lubes_stimulators,Lubes & Stimulators (32),layered_manufacturer_313,http://www.cilory.com/12-sexual-wellbeing/categories-lubes_stimulators/manufacturer-wet_dry,Wet & Dry (1)
http://www.cilory.com/12-family-planning,Sexual Wellbeing,layered_category_9,http://www.cilory.com/12-sexual-wellbeing/categories-lubes_stimulators,Lubes & Stimulators (32),layered_manufacturer_314,http://www.cilory.com/12-sexual-wellbeing/categories-lubes_stimulators/manufacturer-ultartech_india,Ultartech India (1)
http://www.cilory.com/12-family-planning,Sexual Wellbeing,layered_category_9,http://www.cilory.com/12-sexual-wellbeing/categories-lubes_stimulators,Lubes & Stimulators (32),layered_manufacturer_316,http://www.cilory.com/12-sexual-wellbeing/categories-lubes_stimulators/manufacturer-midas_care,Midas Care (1)
http://www.cilory.com/12-family-planning,Sexual Wellbeing,layered_category_9,http://www.cilory.com/12-sexual-wellbeing/categories-lubes_stimulators,Lubes & Stimulators (32),layered_manufacturer_317,http://www.cilory.com/12-sexual-wellbeing/categories-lubes_stimulators/manufacturer-aspen_wellness,Aspen Wellness (1)
http://www.cilory.com/12-family-planning,Sexual Wellbeing,layered_category_9,http://www.cilory.com/12-sexual-wellbeing/categories-lubes_stimulators,Lubes & Stimulators (32),layered_manufacturer_319,http://www.cilory.com/12-sexual-wellbeing/categories-lubes_stimulators/manufacturer-aloe_cadabra,Aloe Cadabra (3)
http://www.cilory.com/12-family-planning,Sexual Wellbeing,layered_category_9,http://www.cilory.com/12-sexual-wellbeing/categories-lubes_stimulators,Lubes & Stimulators (32),layered_manufacturer_344,http://www.cilory.com/12-sexual-wellbeing/categories-lubes_stimulators/manufacturer-super_slyde,Super Slyde (2)
http://www.cilory.com/12-family-planning,Sexual Wellbeing,layered_category_9,http://www.cilory.com/12-sexual-wellbeing/categories-lubes_stimulators,Lubes & Stimulators (32),layered_manufacturer_345,http://www.cilory.com/12-sexual-wellbeing/categories-lubes_stimulators/manufacturer-hathor_aphrodisia,Hathor Aphrodisia (7)
http://www.cilory.com/236-mobile-accessories,Mobile Covers,layered_category_273,http://www.cilory.com/236-mobile-accessories/categories-samsung_galaxy_core,Samsung Galaxy Core (3),layered_manufacturer_346,http://www.cilory.com/236-mobile-accessories/categories-samsung_galaxy_core/manufacturer-m_cover,M-Cover (3)
http://www.cilory.com/12-family-planning,Sexual Wellbeing,layered_category_16,http://www.cilory.com/12-sexual-wellbeing/categories-aphrodisiac,Aphrodisiac (18),layered_manufacturer_6,http://www.cilory.com/12-sexual-wellbeing/categories-aphrodisiac/manufacturer-himalaya,Himalaya (3)
http://www.cilory.com/12-family-planning,Sexual Wellbeing,layered_category_16,http://www.cilory.com/12-sexual-wellbeing/categories-aphrodisiac,Aphrodisiac (18),layered_manufacturer_64,http://www.cilo